Tags,Ticket,Open Date,Close Date,Symbol,Action,Units/Lots,SL,TP,Open Price,Close Price,Commission,Swap,Pips,Profit,Gain,Comment,Magic Number,Duration (DD:HH:MM:SS),Profitable(%),Profitable(time duration),Drawdown,Risk:Reward,Max(pips),Max(USD),Min(pips),Min(USD),Entry Accuracy(%),Exit Accuracy(%),ProfitMissed(pips),ProfitMissed(USD)
,60259625,5/22/2025 10:15,5/22/2025 21:35,CHFJPY,Sell,0.03,174.361,0,173.561,173.869,-0.13,0,-30.8,-6.54,-0.25,,11,00:11:19:49,,,,,,,,,,,,
,60260076,5/22/2025 10:40,5/22/2025 20:30,AUDJPY,Sell,0.03,93.021,0,92.229,92.468,-0.07,0,-23.9,-5.04,-0.19,,11,00:09:49:51,,,,,,,,,,,,
,60260426,5/22/2025 11:01,5/22/2025 20:05,NZDJPY,Sell,0.03,85.593,0,84.79,85.015,-0.06,0,-22.5,-4.75,-0.18,,11,00:09:03:42,,,,,,,,,,,,
,60259800,5/22/2025 10:26,5/22/2025 17:40,CADJPY,Sell,0.03,104.151,0,103.359,103.598,-0.08,0,-23.9,-5.07,-0.19,,11,00:07:13:37,,,,,,,,,,,,
,60259943,5/22/2025 10:30,5/22/2025 17:40,EURCHF,Sell,0.03,0.9411,0,0.9331,0.93494,-0.12,0,-18.4,-6.78,-0.26,,11,00:07:09:20,,,,,,,,,,,,
,60259942,5/22/2025 10:30,5/22/2025 16:45,GBPJPY,Sell,0.03,192.945,0,192.146,192.948,-0.14,0,-80.2,-16.86,-0.63,[sl],11,00:06:14:50,,,,,,,,,,,,
,60260200,5/22/2025 10:49,5/22/2025 14:45,USDJPY,Sell,0.03,143.854,0,143.052,143.575,-0.11,0,-52.3,-11.04,-0.41,,11,00:03:55:04,,,,,,,,,,,,
,60243623,5/21/2025 12:50,5/21/2025 12:50,NZDJPY,Sell,0.02,86.154,0,85.353,85.361,-0.04,0,-0.8,-0.15,-0.01,,11,00:00:00:01,,,,,,,,,,,,
,60243619,5/21/2025 12:50,5/21/2025 12:50,NZDJPY,Sell,0.02,86.151,0,85.352,85.36,-0.04,0,-0.8,-0.15,-0.01,,11,00:00:00:03,,,,,,,,,,,,
,60243617,5/21/2025 12:50,5/21/2025 12:50,NZDJPY,Sell,0.02,86.153,0,85.353,85.359,-0.04,0,-0.6,-0.12,0,,11,00:00:00:02,,,,,,,,,,,,
,60243539,5/21/2025 12:45,5/21/2025 12:45,EURAUD,Buy,0.02,1.7522,0,1.76035,1.7602,-0.08,0,-1.5,-0.28,-0.01,,11,00:00:00:02,,,,,,,,,,,,
,60243537,5/21/2025 12:45,5/21/2025 12:45,EURAUD,Buy,0.02,1.75216,0,1.76031,1.76016,-0.08,0,-1.5,-0.27,-0.01,,11,00:00:00:01,,,,,,,,,,,,
,60243535,5/21/2025 12:45,5/21/2025 12:45,EURAUD,Buy,0.02,1.75218,0,1.76031,1.76017,-0.08,0,-1.4,-0.26,-0.01,,11,00:00:00:02,,,,,,,,,,,,
,60243534,5/21/2025 12:45,5/21/2025 12:45,EURAUD,Buy,0.02,1.75217,0,1.7603,1.76017,-0.08,0,-1.3,-0.25,-0.01,,11,00:00:00:02,,,,,,,,,,,,
,60242816,5/21/2025 12:01,5/21/2025 12:01,EURNZD,Buy,0.02,1.90196,0,1.91012,1.90991,-0.08,0,-2.1,-0.33,-0.01,,11,00:00:00:05,,,,,,,,,,,,
,60242812,5/21/2025 12:01,5/21/2025 12:01,EURNZD,Buy,0.02,1.90195,0,1.91013,1.90995,-0.08,0,-1.8,-0.3,-0.01,,11,00:00:00:03,,,,,,,,,,,,
,60242767,5/21/2025 12:00,5/21/2025 12:00,EURNZD,Buy,0.02,1.90184,0,1.91,1.90981,-0.08,0,-1.9,-0.3,-0.01,,11,00:00:00:00,,,,,,,,,,,,
,60237769,5/21/2025 7:43,5/21/2025 12:00,USDJPY,Sell,0.02,144.551,0,143.753,144.11,-0.07,0,-35.7,-5.02,-0.19,,11,00:04:16:56,,,,,,,,,,,,
,60237753,5/21/2025 7:41,5/21/2025 12:00,CADJPY,Sell,0.02,104.317,0,103.517,103.727,-0.05,0,-21,-2.96,-0.11,,11,00:04:19:02,,,,,,,,,,,,
,60237635,5/21/2025 7:20,5/21/2025 12:00,NZDJPY,Sell,0.02,86.242,0,85.44,85.44,-0.04,0,0,-0.04,0,,11,00:04:39:43,,,,,,,,,,,,
,60237536,5/21/2025 7:01,5/21/2025 12:00,GBPJPY,Sell,0.02,193.891,0,193.091,193.09,-0.1,0,0.1,-0.09,0,,11,00:04:58:36,,,,,,,,,,,,
,60237817,5/21/2025 7:47,5/21/2025 12:00,GBPUSD,Buy,0.02,1.33555,0,1.34357,1.33985,-0.1,0,-37.2,-7.54,-0.28,,11,00:04:13:02,,,,,,,,,,,,
,60237809,5/21/2025 7:46,5/21/2025 12:00,EURCAD,Buy,0.02,1.56605,0,1.57429,1.57309,-0.08,0,-12,-1.81,-0.07,,11,00:04:13:16,,,,,,,,,,,,
,60237616,5/21/2025 7:17,5/21/2025 12:00,EURNZD,Buy,0.02,1.89805,0,1.90631,1.90978,-0.08,0,34.7,4.04,0.15,,11,00:04:42:43,,,,,,,,,,,,
,60237531,5/21/2025 7:01,5/21/2025 11:30,NZDCAD,Buy,0.02,0.81812,0,0.82645,0.82342,-0.04,0,-30.3,-4.4,-0.16,,11,00:04:28:39,,,,,,,,,,,,
,60228457,5/20/2025 17:09,5/21/2025 2:09,EURNZD,Buy,0.02,1.89798,0,1.90615,1.90356,-0.08,-0.18,-25.9,-3.33,-0.12,,11,00:09:00:07,,,,,,,,,,,,
,60222065,5/20/2025 8:38,5/21/2025 0:46,GBPAUD,Buy,0.02,2.07211,0,2.08035,2.08405,-0.1,-0.09,37,4.55,0.17,,11,00:16:07:40,,,,,,,,,,,,
,60228758,5/20/2025 17:19,5/21/2025 0:30,GBPNZD,Buy,0.02,2.25524,0,2.26346,2.25832,-0.1,-0.08,-51.4,-6.27,-0.23,,11,00:07:11:11,,,,,,,,,,,,
,60222048,5/20/2025 8:35,5/20/2025 20:45,AUDJPY,Sell,0.02,93.735,0,92.935,92.893,-0.05,0,4.2,0.53,0.02,,11,00:12:09:45,,,,,,,,,,,,
,60222253,5/20/2025 8:51,5/20/2025 17:15,EURJPY,Sell,0.02,163.319,0,162.519,162.893,-0.08,0,-37.4,-5.26,-0.19,,11,00:08:23:31,,,,,,,,,,,,
,60223070,5/20/2025 9:53,5/20/2025 16:00,CHFJPY,Sell,0.02,174.091,0,173.291,173.621,-0.09,0,-33,-4.65,-0.17,,11,00:06:06:04,,,,,,,,,,,,
,60206506,5/19/2025 10:09,5/20/2025 15:46,USDCHF,Sell,0.03,0.84184,0,0.83384,0.8343,-0.11,-0.6,-4.6,-2.36,-0.09,,11,01:05:36:39,,,,,,,,,,,,
,60220375,5/20/2025 7:15,5/20/2025 15:10,CADJPY,Sell,0.02,104.534,0,103.734,103.679,-0.05,0,5.5,0.71,0.03,,11,00:07:54:46,,,,,,,,,,,,
,60220483,5/20/2025 7:31,5/20/2025 13:15,EURCAD,Buy,0.02,1.56197,0,1.57024,1.5679,-0.08,0,-23.4,-3.44,-0.13,,11,00:05:43:34,,,,,,,,,,,,
,60221625,5/20/2025 8:01,5/20/2025 12:30,GBPCAD,Buy,0.02,1.85833,0,1.86662,1.86423,-0.1,0,-23.9,-3.53,-0.13,,11,00:04:28:20,,,,,,,,,,,,
,60214593,5/19/2025 18:29,5/20/2025 5:45,EURNZD,Sell,0.03,1.90585,0,1.89785,1.89899,-0.12,-0.04,-11.4,-2.18,-0.08,,11,00:11:15:30,,,,,,,,,,,,
,60214302,5/19/2025 18:15,5/20/2025 5:12,EURAUD,Sell,0.03,1.74987,0,1.74187,1.74482,-0.12,-0.02,-29.5,-5.84,-0.21,,11,00:10:57:30,,,,,,,,,,,,
,60212548,5/19/2025 17:07,5/20/2025 4:30,GBPAUD,Sell,0.03,2.08073,0,2.07273,2.07256,-0.14,-0.22,1.7,-0.03,0,,11,00:11:23:49,,,,,,,,,,,,
,60069003,5/9/2025 9:13,5/20/2025 3:45,CADJPY,Sell,0.03,174.009,0,104.419,104.106,-0.08,-2.8,31.3,3.58,0.13,,11,10:18:31:07,,,,,,,,,,,,
,60206809,5/19/2025 10:33,5/20/2025 2:10,USDCAD,Sell,0.03,1.40326,0,1.39528,1.396,-0.11,-0.3,-7.2,-1.96,-0.07,,11,00:15:36:12,,,,,,,,,,,,
,60207333,5/19/2025 11:10,5/19/2025 14:31,NZDJPY,Sell,0.03,86.201,0,85.401,85.722,-0.06,0,-32.1,-6.7,-0.24,,11,00:03:20:23,,,,,,,,,,,,
,60206141,5/19/2025 9:45,5/19/2025 14:13,AUDJPY,Sell,0.03,93.734,0,92.934,93.393,-0.07,0,-45.9,-9.57,-0.35,,11,00:04:28:12,,,,,,,,,,,,
,60206235,5/19/2025 9:55,5/19/2025 14:10,AUDCHF,Sell,0.03,0.5431,0,0.53509,0.53684,-0.07,0,-17.5,-6.37,-0.23,,11,00:04:15:23,,,,,,,,,,,,
,60182502,5/16/2025 10:00,5/19/2025 12:45,CHFJPY,Sell,0.03,289.969,0,173.892,173.906,-0.13,-0.19,-1.4,-0.61,-0.02,,11,03:02:44:29,,,,,,,,,,,,
,60205814,5/19/2025 9:20,5/19/2025 11:20,AUDNZD,Sell,0.03,1.09565,0,1.08765,1.09014,-0.07,0,-24.9,-4.47,-0.16,,11,00:01:59:38,,,,,,,,,,,,
,60195244,5/16/2025 18:09,5/19/2025 10:15,AUDCAD,Sell,0.04,1.49256,0,0.89429,0.89543,-0.09,-0.24,-11.4,-3.6,-0.13,,11,02:16:06:02,,,,,,,,,,,,
,60195243,5/16/2025 18:09,5/19/2025 10:15,AUDCAD,Sell,0.04,1.49256,0,0.89429,0.89545,-0.09,-0.24,-11.6,-3.66,-0.13,,11,02:16:06:02,,,,,,,,,,,,
,60195064,5/16/2025 18:00,5/19/2025 5:30,AUDUSD,Sell,0.04,1.06794,0,0.63967,0.64208,-0.09,-0.1,-24.1,-9.83,-0.35,,11,02:11:29:34,,,,,,,,,,,,
,60195063,5/16/2025 18:00,5/19/2025 5:30,AUDUSD,Sell,0.04,1.06794,0,0.63966,0.64209,-0.09,-0.1,-24.3,-9.91,-0.36,,11,02:11:29:32,,,,,,,,,,,,
,60195052,5/16/2025 18:00,5/19/2025 4:15,NZDUSD,Sell,0.04,0.98015,0,0.5876,0.58949,-0.08,-0.07,-18.9,-7.71,-0.28,,11,02:10:14:46,,,,,,,,,,,,
,60195202,5/16/2025 18:06,5/19/2025 4:00,EURUSD,Sell,0.04,1.86184,0,1.11532,1.11975,-0.16,0.04,-44.3,-17.84,-0.63,,11,02:09:53:49,,,,,,,,,,,,
,60195200,5/16/2025 18:06,5/19/2025 4:00,EURUSD,Sell,0.04,1.86184,0,1.11532,1.11975,-0.16,0.04,-44.3,-17.84,-0.63,,11,02:09:53:49,,,,,,,,,,,,
,60195408,5/16/2025 18:15,5/19/2025 4:00,EURCAD,Sell,0.04,2.60262,0,1.55961,1.56303,-0.16,-0.22,-34.2,-10.18,-0.36,,11,02:09:44:18,,,,,,,,,,,,
,60195201,5/16/2025 18:06,5/19/2025 3:33,GBPUSD,Sell,0.04,2.21197,0,1.32609,1.331,-0.19,-0.24,-49.1,-20.07,-0.7,,11,02:09:27:10,,,,,,,,,,,,
,60184806,5/16/2025 11:36,5/19/2025 3:05,EURAUD,Sell,0.04,2.90423,0,1.74311,1.74713,-0.16,-0.03,-40.2,-10.5,-0.37,,11,02:15:28:10,,,,,,,,,,,,
,60183868,5/16/2025 11:02,5/19/2025 2:01,EURNZD,Sell,0.03,3.15984,0,1.89456,1.90042,-0.12,-0.04,-58.6,-10.52,-0.36,,11,02:14:59:34,,,,,,,,,,,,
,60180426,5/16/2025 8:50,5/19/2025 1:20,GBPAUD,Sell,0.03,3.44905,0,2.07083,2.07517,-0.14,-0.22,-43.4,-8.7,-0.3,,11,02:16:29:26,,,,,,,,,,,,
,60181463,5/16/2025 9:20,5/16/2025 19:40,AUDNZD,Sell,0.03,1.81459,0,1.08754,1.0896,-0.07,0,-20.6,-3.69,-0.13,,11,00:10:19:23,,,,,,,,,,,,
,60178905,5/16/2025 7:52,5/16/2025 14:35,USDCAD,Sell,0.03,2.32608,0,1.39405,1.39613,-0.11,0,-20.8,-4.58,-0.16,,11,00:06:43:01,,,,,,,,,,,,
,60133377,5/14/2025 7:32,5/16/2025 14:10,EURJPY,Sell,0.03,274.324,0,164.542,163.025,-0.12,-1.94,151.7,29.22,1.02,,11,02:06:37:08,,,,,,,,,,,,
,60154169,5/15/2025 10:09,5/16/2025 13:40,GBPCHF,Sell,0.03,1.85667,0,1.11336,1.11247,-0.14,-0.77,8.9,2.28,0.08,,11,01:03:30:50,,,,,,,,,,,,
,60153592,5/15/2025 9:33,5/16/2025 13:37,USDCHF,Sell,0.03,1.39728,0,0.83861,0.83724,-0.11,-0.6,13.7,4.2,0.15,,11,01:04:04:09,,,,,,,,,,,,
,60154299,5/15/2025 10:18,5/16/2025 12:20,EURCHF,Sell,0.03,1.5657,0,0.9392,0.93599,-0.12,-0.47,32.1,10.94,0.38,,11,01:02:01:35,,,,,,,,,,,,
,60137873,5/14/2025 12:16,5/16/2025 11:30,AUDCHF,Sell,0.03,0.90247,0,0.54181,0.53644,-0.07,-1.5,53.7,17.73,0.62,,11,01:23:14:02,,,,,,,,,,,,
,60133408,5/14/2025 7:42,5/16/2025 11:25,AUDJPY,Sell,0.03,158.379,0,95.144,93.367,-0.07,-1.51,177.7,35.1,1.25,,11,02:03:42:44,,,,,,,,,,,,
,60133333,5/14/2025 7:20,5/16/2025 8:35,NZDJPY,Sell,0.03,145.474,0,87.404,85.923,-0.06,-1.32,148.1,29.19,1.05,,11,02:01:15:19,,,,,,,,,,,,
,60145369,5/14/2025 18:40,5/16/2025 8:20,NZDCAD,Sell,0.03,1.37523,0,0.8262,0.82428,-0.06,-0.63,19.2,3.44,0.12,,11,01:13:39:34,,,,,,,,,,,,
,60144571,5/14/2025 18:02,5/16/2025 8:15,AUDCAD,Sell,0.03,1.49849,0,0.90089,0.89647,-0.07,-0.73,44.2,8.71,0.32,,11,01:14:12:26,,,,,,,,,,,,
,60144570,5/14/2025 18:02,5/16/2025 8:15,AUDCAD,Sell,0.03,1.49849,0,0.90089,0.89648,-0.07,-0.73,44.1,8.69,0.32,,11,01:14:12:25,,,,,,,,,,,,
,60144724,5/14/2025 18:06,5/16/2025 6:30,AUDUSD,Sell,0.03,1.07226,0,0.64425,0.64226,-0.07,-0.29,19.9,5.61,0.2,,11,01:12:23:45,,,,,,,,,,,,
,60144723,5/14/2025 18:06,5/16/2025 6:30,AUDUSD,Sell,0.03,1.07224,0,0.64425,0.64226,-0.07,-0.29,19.9,5.61,0.2,,11,01:12:23:43,,,,,,,,,,,,
,60144633,5/14/2025 18:03,5/16/2025 6:25,NZDUSD,Sell,0.03,0.98482,0,0.59187,0.58973,-0.06,-0.21,21.4,6.15,0.22,,11,01:12:21:08,,,,,,,,,,,,
,60162845,5/15/2025 18:33,5/16/2025 3:35,EURUSD,Sell,0.03,1.86567,0,1.11798,1.12002,-0.12,0.03,-20.4,-6.21,-0.23,,11,00:09:02:05,,,,,,,,,,,,
,60162844,5/15/2025 18:33,5/16/2025 3:35,EURUSD,Sell,0.03,1.86567,0,1.11798,1.11999,-0.12,0.03,-20.1,-6.12,-0.22,,11,00:09:02:05,,,,,,,,,,,,
,60133392,5/14/2025 7:35,5/15/2025 15:50,CHFJPY,Sell,0.03,292.407,0,175.298,174.324,-0.13,-0.56,97.4,19.3,0.71,,11,01:08:14:56,,,,,,,,,,,,
,60138562,5/14/2025 12:45,5/14/2025 21:14,AUDNZD,Sell,0.03,1.81361,0,1.08782,1.0897,-0.07,0,-18.8,-3.4,-0.12,,11,00:08:28:31,,,,,,,,,,,,
,60137878,5/14/2025 12:16,5/14/2025 18:40,GBPCHF,Sell,0.03,1.85618,0,1.11352,1.11734,-0.14,0,-38.2,-13.78,-0.5,,11,00:06:23:54,,,,,,,,,,,,
,60110364,5/13/2025 8:22,5/14/2025 18:40,NZDCAD,Buy,0.03,0.27448,0,0.82275,0.8263,-0.06,-0.01,35.5,7.55,0.28,,11,01:10:17:29,,,,,,,,,,,,
,60111452,5/13/2025 10:05,5/14/2025 18:35,USDCHF,Sell,0.03,1.40216,0,0.84192,0.84003,-0.11,-0.6,18.9,6.04,0.22,,11,01:08:29:34,,,,,,,,,,,,
,60110366,5/13/2025 8:22,5/14/2025 17:35,NZDUSD,Buy,0.03,0.1963,0,0.58919,0.59238,-0.06,-0.1,31.9,9.41,0.35,,11,01:09:12:31,,,,,,,,,,,,
,60137962,5/14/2025 12:20,5/14/2025 16:30,USDCAD,Sell,0.03,2.32236,0,1.39079,1.39471,-0.11,0,-39.2,-8.54,-0.31,,11,00:04:09:59,,,,,,,,,,,,
,60109730,5/13/2025 7:05,5/14/2025 12:51,GBPAUD,Sell,0.03,3.43808,0,2.06225,2.05837,-0.14,-0.22,38.8,7.19,0.26,,11,01:05:46:31,,,,,,,,,,,,
,60109754,5/13/2025 7:08,5/14/2025 11:45,EURAUD,Sell,0.03,2.89726,0,1.73638,1.73081,-0.12,-0.02,55.7,10.71,0.39,,11,01:04:37:11,,,,,,,,,,,,
,60109893,5/13/2025 7:35,5/14/2025 10:40,EURNZD,Sell,0.03,3.15091,0,1.88878,1.88628,-0.12,-0.04,25,4.3,0.16,,11,01:03:04:57,,,,,,,,,,,,
,60133649,5/14/2025 8:16,5/14/2025 10:04,GBPCHF,Sell,0.03,1.85807,0,1.11536,1.11699,-0.14,0,-16.3,-5.97,-0.22,,11,00:01:47:56,,,,,,,,,,,,
,60133673,5/14/2025 8:21,5/14/2025 9:35,EURCHF,Sell,0.03,1.5628,0,0.93817,0.93958,-0.12,0,-14.1,-5.16,-0.19,,11,00:01:13:09,,,,,,,,,,,,
,60109783,5/13/2025 7:17,5/13/2025 17:20,EURCHF,Sell,0.03,1.56121,0,0.93684,0.93892,-0.12,0,-20.8,-7.52,-0.28,,11,00:10:02:40,,,,,,,,,,,,
,60111812,5/13/2025 10:21,5/13/2025 17:10,GBPCHF,Sell,0.03,1.85258,0,1.11204,1.11454,-0.14,0,-25,-9.04,-0.33,,11,00:06:48:33,,,,,,,,,,,,
,60109699,5/13/2025 7:00,5/13/2025 14:45,USDCAD,Sell,0.03,2.32671,0,1.3963,1.39908,-0.11,0,-27.8,-6.07,-0.22,,11,00:07:44:51,,,,,,,,,,,,
,60110379,5/13/2025 8:23,5/13/2025 14:40,EURJPY,Sell,0.03,273.655,0,164.151,164.517,-0.12,0,-36.6,-7.53,-0.27,,11,00:06:16:27,,,,,,,,,,,,
,60086581,5/12/2025 8:17,5/13/2025 11:13,EURCAD,Sell,0.03,2.60722,0,1.56278,1.55419,-0.12,-0.17,85.9,18.13,0.66,,11,01:02:56:56,,,,,,,,,,,,
,60086580,5/12/2025 8:16,5/13/2025 10:50,GBPCAD,Sell,0.03,3.08173,0,1.84948,1.84696,-0.14,-0.39,25.2,4.88,0.18,,11,01:02:33:01,,,,,,,,,,,,
,60087754,5/12/2025 10:00,5/13/2025 10:30,EURUSD,Sell,0.03,1.87131,0,1.12166,1.11213,-0.12,0.03,95.3,28.5,1.06,,11,01:00:30:26,,,,,,,,,,,,
,60087752,5/12/2025 10:00,5/13/2025 10:25,EURUSD,Sell,0.03,1.87105,0,1.12166,1.11204,-0.12,0.03,96.2,28.77,1.08,,11,01:00:24:43,,,,,,,,,,,,
,60101524,5/12/2025 18:08,5/13/2025 7:25,AUDCAD,Sell,0.03,1.4865,0,0.89196,0.89401,-0.07,-0.18,-20.5,-4.66,-0.17,,11,00:13:17:01,,,,,,,,,,,,
,60101523,5/12/2025 18:08,5/13/2025 7:25,AUDCAD,Sell,0.03,1.48647,0,0.89196,0.89401,-0.07,-0.18,-20.5,-4.66,-0.17,,11,00:13:17:00,,,,,,,,,,,,
,60101780,5/12/2025 18:16,5/13/2025 7:05,AUDUSD,Sell,0.03,1.0643,0,0.63753,0.63993,-0.07,-0.07,-24,-7.34,-0.27,,11,00:12:48:53,,,,,,,,,,,,
,60101779,5/12/2025 18:16,5/13/2025 7:05,AUDUSD,Sell,0.03,1.0643,0,0.63753,0.63993,-0.07,-0.07,-24,-7.34,-0.27,,11,00:12:48:52,,,,,,,,,,,,
,60086522,5/12/2025 8:07,5/13/2025 4:05,EURAUD,Sell,0.03,2.91523,0,1.74534,1.74485,-0.12,-0.02,4.9,0.79,0.03,,11,00:19:57:39,,,,,,,,,,,,
,60086225,5/12/2025 7:02,5/12/2025 18:05,GBPAUD,Sell,0.03,3.44669,0,2.06626,2.07185,-0.14,0,-55.9,-10.83,-0.4,,11,00:11:02:11,,,,,,,,,,,,
,60067416,5/9/2025 8:00,5/12/2025 4:05,CHFJPY,Sell,0.03,291.635,0,175.009,174.981,-0.13,-0.19,2.8,0.26,0.01,,11,02:20:05:51,,,,,,,,,,,,
,60064343,5/9/2025 5:11,5/9/2025 19:25,NZDJPY,Sell,0.03,142.877,0,85.704,85.902,-0.06,0,-19.8,-4.15,-0.15,,11,00:14:13:52,,,,,,,,,,,,
,60069750,5/9/2025 9:50,5/9/2025 19:00,NZDCHF,Sell,0.03,0.81608,0,0.48941,0.49117,-0.06,0,-17.6,-6.43,-0.24,,11,00:09:09:58,,,,,,,,,,,,
,60069841,5/9/2025 9:56,5/9/2025 18:43,AUDJPY,Sell,0.03,154.929,0,92.998,93.217,-0.07,0,-21.9,-4.6,-0.17,,11,00:08:47:30,,,,,,,,,,,,
,60067411,5/9/2025 8:00,5/9/2025 18:37,EURJPY,Sell,0.03,272.147,0,163.357,163.552,-0.12,0,-19.5,-4.15,-0.15,,11,00:10:37:52,,,,,,,,,,,,
,60061769,5/9/2025 3:10,5/9/2025 17:05,NZDCAD,Sell,0.03,1.36998,0,0.82133,0.82313,-0.06,0,-18,-3.94,-0.14,,11,00:13:54:37,,,,,,,,,,,,
,60066705,5/9/2025 7:09,5/9/2025 17:03,GBPJPY,Sell,0.03,320.763,0,192.623,193.033,-0.14,0,-41,-8.61,-0.31,,11,00:09:53:23,,,,,,,,,,,,
,60063676,5/9/2025 4:26,5/9/2025 17:00,NZDUSD,Sell,0.03,0.98451,0,0.58868,0.59103,-0.06,0,-23.5,-7.11,-0.26,,11,00:12:33:11,,,,,,,,,,,,
,60066337,5/9/2025 6:49,5/9/2025 12:30,GBPAUD,Sell,0.03,3.44698,0,2.06672,2.07343,-0.14,0,-67.1,-13.03,-0.47,,11,00:05:40:54,,,,,,,,,,,,
,60061770,5/9/2025 3:10,5/9/2025 11:45,GBPCAD,Sell,0.03,3.0725,0,1.84263,1.84625,-0.14,0,-36.2,-7.94,-0.29,,11,00:08:34:26,,,,,,,,,,,,
,60063207,5/9/2025 4:04,5/9/2025 10:50,AUDUSD,Sell,0.03,1.06744,0,0.63883,0.6413,-0.07,0,-24.7,-7.48,-0.27,,11,00:06:45:12,,,,,,,,,,,,
,60063206,5/9/2025 4:04,5/9/2025 10:50,AUDUSD,Sell,0.03,1.06744,0,0.63883,0.6413,-0.07,0,-24.7,-7.48,-0.27,,11,00:06:45:12,,,,,,,,,,,,
,60062117,5/9/2025 3:21,5/9/2025 10:35,AUDCAD,Sell,0.03,1.4834,0,0.88965,0.89189,-0.07,0,-22.4,-4.89,-0.18,,11,00:07:14:02,,,,,,,,,,,,
,60062118,5/9/2025 3:21,5/9/2025 10:35,AUDCAD,Sell,0.03,1.48342,0,0.88965,0.89191,-0.07,0,-22.6,-4.94,-0.18,,11,00:07:13:21,,,,,,,,,,,,
,60062116,5/9/2025 3:21,5/9/2025 10:35,AUDCAD,Sell,0.03,1.48337,0,0.88965,0.89191,-0.07,0,-22.6,-4.94,-0.18,,11,00:07:13:20,,,,,,,,,,,,
,59898941,5/7/2025 9:00,5/7/2025 18:50,EURUSD,Buy,0.02,0.38145,0,1.13684,1.13483,-0.08,0,-20.1,-4.1,-0.15,,11,00:09:50:02,,,,,,,,,,,,
,59898939,5/7/2025 9:00,5/7/2025 18:50,EURUSD,Buy,0.02,0.38145,0,1.13684,1.13485,-0.08,0,-19.9,-4.06,-0.14,,11,00:09:50:00,,,,,,,,,,,,
,59910488,5/7/2025 11:18,5/7/2025 13:30,EURCHF,Buy,0.02,0.31712,0,0.93877,0.93549,-0.08,0,-32.8,-8.04,-0.29,,11,00:02:11:57,,,,,,,,,,,,
,59900830,5/7/2025 9:22,5/7/2025 11:00,NZDCAD,Buy,0.02,0.27831,0,0.8286,0.82752,-0.04,0,-10.8,-1.6,-0.06,,11,00:01:37:43,,,,,,,,,,,,
,59860413,5/7/2025 1:20,5/7/2025 7:00,AUDCHF,Buy,0.02,0.1822,0,0.5376,0.53522,-0.05,0,-23.8,-5.82,-0.21,,11,00:05:40:00,,,,,,,,,,,,
,59860475,5/7/2025 1:20,5/7/2025 6:10,AUDCAD,Buy,0.02,0.30142,0,0.89677,0.89484,-0.05,0,-19.3,-2.84,-0.1,,11,00:04:49:17,,,,,,,,,,,,
,59860474,5/7/2025 1:20,5/7/2025 6:10,AUDCAD,Buy,0.02,0.30142,0,0.89677,0.89485,-0.05,0,-19.2,-2.83,-0.1,,11,00:04:49:17,,,,,,,,,,,,
,59860473,5/7/2025 1:20,5/7/2025 6:10,AUDCAD,Buy,0.02,0.30141,0,0.89677,0.89485,-0.05,0,-19.2,-2.83,-0.1,,11,00:04:49:17,,,,,,,,,,,,
,59774011,5/6/2025 7:15,5/7/2025 6:05,NZDCAD,Buy,0.02,0.27651,0,0.82561,0.82747,-0.04,-0.01,18.6,2.64,0.09,,11,00:22:50:03,,,,,,,,,,,,
,59860688,5/7/2025 1:23,5/7/2025 6:00,EURNZD,Sell,0.02,3.14646,0,1.88428,1.89115,-0.08,0,-68.7,-8.32,-0.29,,11,00:04:36:46,,,,,,,,,,,,
,59860281,5/7/2025 1:18,5/7/2025 6:00,GBPNZD,Sell,0.02,3.70706,0,2.22033,2.22544,-0.1,0,-51.1,-6.23,-0.22,,11,00:04:41:11,,,,,,,,,,,,
,59778046,5/6/2025 10:02,5/7/2025 5:30,NZDUSD,Buy,0.02,0.20074,0,0.59837,0.59962,-0.04,-0.07,12.5,2.39,0.08,,11,00:19:27:37,,,,,,,,,,,,
,59782136,5/6/2025 11:30,5/7/2025 1:25,EURJPY,Sell,0.02,270.94,0,162.112,162.238,-0.08,-0.33,-12.6,-2.17,-0.08,,11,00:13:54:24,,,,,,,,,,,,
,59780613,5/6/2025 11:01,5/6/2025 15:15,GBPJPY,Sell,0.02,318.663,0,190.893,191.038,-0.1,0,-14.5,-2.13,-0.08,,11,00:04:13:58,,,,,,,,,,,,
,59774867,5/6/2025 8:05,5/6/2025 13:05,EURNZD,Sell,0.02,3.1585,0,1.89299,1.8952,-0.08,0,-22.1,-2.72,-0.1,,11,00:04:59:57,,,,,,,,,,,,
,59768151,5/6/2025 4:00,5/6/2025 7:10,EURUSD,Sell,0.02,1.88358,0,1.12839,1.13158,-0.08,0,-31.9,-6.46,-0.23,,11,00:03:09:55,,,,,,,,,,,,
,59768150,5/6/2025 4:00,5/6/2025 7:10,EURUSD,Sell,0.02,1.88363,0,1.12839,1.13158,-0.08,0,-31.9,-6.46,-0.23,,11,00:03:09:54,,,,,,,,,,,,
,59715022,5/5/2025 8:35,5/5/2025 19:15,NZDCAD,Buy,0.02,0.27948,0,0.82637,0.82418,-0.04,0,-21.9,-3.21,-0.11,,11,00:10:39:27,,,,,,,,,,,,
,59703593,5/5/2025 2:00,5/5/2025 19:10,AUDCAD,Buy,0.02,0.30104,0,0.89232,0.89349,-0.05,0,11.7,1.64,0.06,,11,00:17:10:09,,,,,,,,,,,,
,59703582,5/5/2025 2:00,5/5/2025 19:10,AUDCAD,Buy,0.02,0.30101,0,0.89232,0.89351,-0.05,0,11.9,1.67,0.06,,11,00:17:10:09,,,,,,,,,,,,
,59703580,5/5/2025 2:00,5/5/2025 19:10,AUDCAD,Buy,0.02,0.30105,0,0.89232,0.89349,-0.05,0,11.7,1.64,0.06,,11,00:17:10:08,,,,,,,,,,,,
,59714553,5/5/2025 8:18,5/5/2025 18:45,NZDUSD,Buy,0.02,0.20335,0,0.59926,0.59731,-0.04,0,-19.5,-3.94,-0.14,,11,00:10:26:38,,,,,,,,,,,,
,59714221,5/5/2025 8:08,5/5/2025 18:25,AUDUSD,Buy,0.02,0.21939,0,0.64768,0.64775,-0.05,0,0.7,0.09,0,,11,00:10:17:05,,,,,,,,,,,,
,59714220,5/5/2025 8:08,5/5/2025 18:25,AUDUSD,Buy,0.02,0.21939,0,0.64768,0.64774,-0.05,0,0.6,0.07,0,,11,00:10:17:05,,,,,,,,,,,,
,59714576,5/5/2025 8:19,5/5/2025 17:15,EURNZD,Sell,0.02,3.16406,0,1.89331,1.89798,-0.08,0,-46.7,-5.66,-0.2,,11,00:08:56:19,,,,,,,,,,,,
,59714159,5/5/2025 8:05,5/5/2025 17:05,NZDCHF,Buy,0.02,0.16528,0,0.49236,0.49164,-0.04,0,-7.2,-1.79,-0.06,,11,00:08:59:12,,,,,,,,,,,,
,59714903,5/5/2025 8:31,5/5/2025 16:40,EURAUD,Sell,0.02,2.92251,0,1.74904,1.75187,-0.08,0,-28.3,-3.75,-0.13,,11,00:08:09:39,,,,,,,,,,,,
,59709533,5/5/2025 4:55,5/5/2025 16:40,GBPNZD,Sell,0.02,3.71569,0,2.22351,2.22657,-0.1,0,-30.6,-3.77,-0.13,,11,00:11:45:38,,,,,,,,,,,,
,59714554,5/5/2025 8:18,5/5/2025 16:39,AUDCHF,Buy,0.02,0.17937,0,0.53368,0.53365,-0.05,0,-0.3,-0.12,0,,11,00:08:20:45,,,,,,,,,,,,
,59654908,5/2/2025 3:26,5/5/2025 15:40,GBPAUD,Sell,0.02,3.46244,0,2.07566,2.05342,-0.1,-0.15,222.4,28.62,1.01,,11,03:12:14:07,,,,,,,,,,,,
,59715853,5/5/2025 9:00,5/5/2025 11:20,NZDJPY,Buy,0.02,28.923,0,86.328,86.037,-0.04,0,-29.1,-4.08,-0.14,,11,00:02:19:57,,,,,,,,,,,,
,59709642,5/5/2025 4:58,5/5/2025 8:55,EURCHF,Sell,0.02,1.5555,0,0.93235,0.93446,-0.08,0,-21.1,-5.2,-0.18,,11,00:03:56:24,,,,,,,,,,,,
,59657347,5/2/2025 4:45,5/2/2025 17:40,AUDNZD,Buy,0.02,0.36242,0,1.08187,1.08229,-0.05,0,4.2,0.45,0.02,,11,00:12:54:08,,,,,,,,,,,,
,59611377,5/1/2025 6:30,5/2/2025 15:45,CHFJPY,Buy,0.02,58.279,0,173.557,174.898,-0.09,-0.09,134.1,18.39,0.65,,11,01:09:14:28,,,,,,,,,,,,
,59617979,5/1/2025 10:00,5/2/2025 12:20,EURJPY,Buy,0.02,55.329,0,163.459,164.136,-0.08,0.09,67.7,9.36,0.33,,11,01:02:20:00,,,,,,,,,,,,
,59608885,5/1/2025 4:54,5/2/2025 12:10,AUDJPY,Buy,0.02,30.958,0,91.774,92.954,-0.05,0.08,118,16.33,0.58,,11,01:07:15:12,,,,,,,,,,,,
,59617030,5/1/2025 9:27,5/2/2025 11:15,NZDJPY,Buy,0.02,29.208,0,85.617,85.95,-0.04,0.07,33.3,4.62,0.16,,11,01:01:47:54,,,,,,,,,,,,
,59654891,5/2/2025 3:25,5/2/2025 11:04,EURAUD,Sell,0.02,2.94251,0,1.76401,1.76607,-0.08,0,-20.6,-2.72,-0.1,,11,00:07:38:59,,,,,,,,,,,,
,59655896,5/2/2025 3:59,5/2/2025 10:45,CADJPY,Buy,0.02,35.787,0,105.411,105.09,-0.05,0,-32.1,-4.47,-0.16,,11,00:06:46:02,,,,,,,,,,,,
,59616826,5/1/2025 9:20,5/2/2025 10:35,GBPJPY,Buy,0.02,64.599,0,191.69,193.235,-0.1,0.19,154.5,21.37,0.77,,11,01:01:14:58,,,,,,,,,,,,
,59655982,5/2/2025 4:00,5/2/2025 10:10,AUDCHF,Buy,0.02,0.17957,0,0.53274,0.53124,-0.05,0,-15,-3.67,-0.13,,11,00:06:09:58,,,,,,,,,,,,
,59658806,5/2/2025 5:37,5/2/2025 9:25,GBPCHF,Buy,0.02,0.36921,0,1.10412,1.1015,-0.1,0,-26.2,-6.44,-0.23,,11,00:03:47:28,,,,,,,,,,,,
,59610766,5/1/2025 6:10,5/2/2025 1:15,CADJPY,Buy,0.02,35.21,0,104.051,104.954,-0.05,0.05,90.3,12.42,0.45,,11,00:19:04:38,,,,,,,,,,,,
,59624292,5/1/2025 12:35,5/1/2025 22:40,AUDUSD,Sell,0.02,1.06378,0,0.63799,0.63872,-0.05,0,-7.3,-1.51,-0.05,,11,00:10:04:19,,,,,,,,,,,,
,59624291,5/1/2025 12:35,5/1/2025 22:40,AUDUSD,Sell,0.02,1.06378,0,0.63799,0.63871,-0.05,0,-7.2,-1.49,-0.05,,11,00:10:04:18,,,,,,,,,,,,
,59624721,5/1/2025 12:45,5/1/2025 15:05,AUDCAD,Sell,0.02,1.47027,0,0.88127,0.88338,-0.05,0,-21.1,-3.11,-0.11,,11,00:02:19:25,,,,,,,,,,,,
,59624720,5/1/2025 12:45,5/1/2025 15:05,AUDCAD,Sell,0.02,1.47027,0,0.88129,0.88338,-0.05,0,-20.9,-3.08,-0.11,,11,00:02:19:25,,,,,,,,,,,,
,59624719,5/1/2025 12:45,5/1/2025 15:05,AUDCAD,Sell,0.02,1.47027,0,0.88127,0.88338,-0.05,0,-21.1,-3.11,-0.11,,11,00:02:19:24,,,,,,,,,,,,
,59564391,4/30/2025 12:58,5/1/2025 11:50,EURUSD,Sell,0.02,1.89583,0,1.13606,1.13247,-0.08,0.06,35.9,7.16,0.26,,11,00:22:51:11,,,,,,,,,,,,
,59608963,5/1/2025 4:57,5/1/2025 11:45,GBPUSD,Sell,0.02,2.22119,0,1.3304,1.33283,-0.1,0,-24.3,-4.96,-0.18,,11,00:06:47:43,,,,,,,,,,,,
,59607329,5/1/2025 4:00,5/1/2025 10:40,GBPAUD,Sell,0.02,3.47003,0,2.07646,2.08196,-0.1,0,-55,-7.12,-0.25,,11,00:06:39:51,,,,,,,,,,,,
,59609925,5/1/2025 5:39,5/1/2025 10:40,AUDCHF,Buy,0.02,0.1801,0,0.53104,0.52879,-0.05,0,-22.5,-5.48,-0.2,,11,00:05:00:59,,,,,,,,,,,,
,59608032,5/1/2025 4:22,5/1/2025 9:50,EURAUD,Sell,0.02,2.9491,0,1.764,1.76744,-0.08,0,-34.4,-4.48,-0.16,,11,00:05:27:52,,,,,,,,,,,,
,59609742,5/1/2025 5:30,5/1/2025 7:15,AUDNZD,Buy,0.02,0.36118,0,1.08001,1.07771,-0.05,0,-23,-2.78,-0.1,,11,00:01:44:44,,,,,,,,,,,,
,59608534,5/1/2025 4:41,5/1/2025 6:35,EURJPY,Sell,0.02,269.942,0,161.824,162.267,-0.08,0,-44.3,-6.25,-0.22,,11,00:01:53:16,,,,,,,,,,,,
,59560793,4/30/2025 11:25,4/30/2025 20:25,NZDCAD,Sell,0.02,1.36779,0,0.81886,0.81925,-0.04,0,-3.9,-0.61,-0.02,,11,00:08:59:22,,,,,,,,,,,,
,59561309,4/30/2025 11:34,4/30/2025 18:35,NZDUSD,Sell,0.02,0.98883,0,0.59173,0.59291,-0.04,0,-11.8,-2.4,-0.08,,11,00:07:00:47,,,,,,,,,,,,
,59564260,4/30/2025 12:54,4/30/2025 17:10,CADJPY,Buy,0.02,34.916,0,103.474,103.153,-0.05,0,-32.1,-4.54,-0.16,,11,00:04:15:32,,,,,,,,,,,,
,59548371,4/30/2025 4:45,4/30/2025 16:20,EURCAD,Sell,0.02,2.62422,0,1.5728,1.57298,-0.08,0,-1.8,-0.34,-0.01,,11,00:11:34:46,,,,,,,,,,,,
,59547869,4/30/2025 4:31,4/30/2025 16:10,AUDNZD,Buy,0.02,0.36073,0,1.07836,1.0777,-0.05,0,-6.6,-0.83,-0.03,,11,00:11:38:57,,,,,,,,,,,,
,59547512,4/30/2025 4:19,4/30/2025 9:45,EURCHF,Sell,0.02,1.56227,0,0.93704,0.9383,-0.08,0,-12.6,-3.14,-0.11,,11,00:05:25:05,,,,,,,,,,,,
,59542873,4/30/2025 1:34,4/30/2025 7:30,GBPNZD,Buy,0.02,0.75824,0,2.26045,2.25569,-0.1,0,-47.6,-5.76,-0.2,,11,00:05:55:49,,,,,,,,,,,,
,59513681,4/29/2025 11:44,4/30/2025 3:25,CHFJPY,Sell,0.02,288.068,0,172.64,172.703,-0.09,-0.13,-6.3,-1.1,-0.04,,11,00:15:40:37,,,,,,,,,,,,
,59461287,4/28/2025 9:19,4/29/2025 10:25,AUDNZD,Buy,0.02,0.3593,0,1.07328,1.07628,-0.05,-0.06,30,3.47,0.12,,11,01:01:05:12,,,,,,,,,,,,
,59462290,4/28/2025 10:16,4/29/2025 10:10,GBPNZD,Buy,0.02,0.75293,0,2.23854,2.24904,-0.1,-0.08,105,12.34,0.44,,11,00:23:53:38,,,,,,,,,,,,
,59510063,4/29/2025 7:36,4/29/2025 10:00,GBPAUD,Buy,0.02,0.7018,0,2.09166,2.08881,-0.1,0,-28.5,-3.76,-0.13,,11,00:02:23:02,,,,,,,,,,,,
,59508529,4/29/2025 5:01,4/29/2025 7:25,EURAUD,Sell,0.02,2.95576,0,1.77151,1.77561,-0.08,0,-41,-5.34,-0.19,,11,00:02:23:58,,,,,,,,,,,,
,59463334,4/28/2025 11:20,4/29/2025 5:45,GBPCAD,Buy,0.02,0.61792,0,1.84838,1.85586,-0.1,0.02,74.8,10.74,0.38,,11,00:18:24:56,,,,,,,,,,,,
,59463177,4/28/2025 11:05,4/28/2025 17:45,NZDCAD,Sell,0.02,1.37538,0,0.82351,0.82697,-0.04,0,-34.6,-5.04,-0.18,,11,00:06:39:43,,,,,,,,,,,,
,59463097,4/28/2025 11:00,4/28/2025 15:55,NZDUSD,Sell,0.02,0.9917,0,0.5934,0.59514,-0.04,0,-17.4,-3.52,-0.12,,11,00:04:54:38,,,,,,,,,,,,
,59463150,4/28/2025 11:03,4/28/2025 13:30,USDCAD,Buy,0.02,0.46384,0,1.38841,1.38724,-0.07,0,-11.7,-1.76,-0.06,,11,00:02:26:15,,,,,,,,,,,,
,59458815,4/28/2025 4:47,4/28/2025 8:35,USDCAD,Buy,0.02,0.46339,0,1.38801,1.38657,-0.07,0,-14.4,-2.15,-0.08,,11,00:03:47:19,,,,,,,,,,,,
,59459210,4/28/2025 5:12,4/28/2025 7:50,NZDUSD,Sell,0.02,0.99276,0,0.59446,0.59642,-0.04,0,-19.6,-3.96,-0.14,,11,00:02:37:36,,,,,,,,,,,,
,59457085,4/28/2025 1:35,4/28/2025 4:55,AUDNZD,Buy,0.02,0.35935,0,1.07353,1.07243,-0.05,0,-11,-1.36,-0.05,,11,00:03:19:20,,,,,,,,,,,,
,59456953,4/28/2025 1:20,4/28/2025 4:05,EURCAD,Sell,0.02,2.62247,0,1.57277,1.57618,-0.08,0,-34.1,-5,-0.18,,11,00:02:44:10,,,,,,,,,,,,
,59419982,4/25/2025 7:41,4/28/2025 1:17,EURJPY,Buy,0.03,54.677,0,162.805,163.156,-0.12,0.13,35.1,7.34,0.26,,11,02:17:36:09,,,,,,,,,,,,
,59419057,4/25/2025 7:09,4/28/2025 0:25,GBPJPY,Buy,0.03,64.434,0,191.004,191.099,-0.14,0.29,9.5,2.13,0.08,,11,02:17:15:40,,,,,,,,,,,,
,59428701,4/25/2025 12:10,4/25/2025 17:20,GBPCAD,Buy,0.02,0.61793,0,1.8474,1.845,-0.1,0,-24,-3.56,-0.13,,11,00:05:09:39,,,,,,,,,,,,
,59417958,4/25/2025 6:46,4/25/2025 15:40,USDCAD,Buy,0.03,0.46237,0,1.38713,1.38684,-0.11,0,-2.9,-0.74,-0.03,,11,00:08:54:02,,,,,,,,,,,,
,59413872,4/25/2025 4:08,4/25/2025 12:55,EURCHF,Buy,0.03,0.31582,0,0.94295,0.94254,-0.12,0,-4.1,-1.6,-0.06,,11,00:08:46:42,,,,,,,,,,,,
,59410093,4/25/2025 2:15,4/25/2025 12:20,CADJPY,Buy,0.03,34.508,0,103.133,103.195,-0.08,0,6.2,1.22,0.04,,11,00:10:04:33,,,,,,,,,,,,
,59412522,4/25/2025 3:23,4/25/2025 12:20,GBPCHF,Buy,0.03,0.37083,0,1.10486,1.10396,-0.14,0,-9,-3.39,-0.12,,11,00:08:56:37,,,,,,,,,,,,
,59408599,4/25/2025 1:17,4/25/2025 11:55,AUDJPY,Buy,0.03,30.859,0,91.545,91.648,-0.07,0,10.3,2.09,0.07,,11,00:10:38:02,,,,,,,,,,,,
,59413657,4/25/2025 4:00,4/25/2025 11:40,CADCHF,Buy,0.03,0.20157,0,0.59938,0.59794,-0.08,0,-14.4,-5.28,-0.19,,11,00:07:39:27,,,,,,,,,,,,
,59412690,4/25/2025 3:30,4/25/2025 11:30,NZDJPY,Buy,0.03,28.843,0,85.65,85.552,-0.06,0,-9.8,-2.11,-0.07,,11,00:08:00:00,,,,,,,,,,,,
,59413029,4/25/2025 3:40,4/25/2025 11:25,AUDCHF,Buy,0.03,0.1798,0,0.53192,0.53115,-0.07,0,-7.7,-2.85,-0.1,,11,00:07:44:22,,,,,,,,,,,,
,59417445,4/25/2025 6:35,4/25/2025 11:00,EURUSD,Sell,0.03,1.89061,0,1.13374,1.13597,-0.12,0,-22.3,-6.81,-0.24,,11,00:04:24:54,,,,,,,,,,,,
,59418303,4/25/2025 6:55,4/25/2025 10:55,AUDCAD,Buy,0.03,0.29985,0,0.8897,0.88764,-0.07,0,-20.6,-4.53,-0.16,,11,00:04:00:11,,,,,,,,,,,,
,59418304,4/25/2025 6:55,4/25/2025 10:55,AUDCAD,Buy,0.03,0.29985,0,0.8897,0.88767,-0.07,0,-20.3,-4.46,-0.16,,11,00:04:00:06,,,,,,,,,,,,
,59413308,4/25/2025 3:51,4/25/2025 10:55,GBPAUD,Sell,0.03,3.46818,0,2.0782,2.07966,-0.14,0,-14.6,-2.94,-0.1,,11,00:07:03:43,,,,,,,,,,,,
,59418301,4/25/2025 6:55,4/25/2025 10:55,AUDCAD,Buy,0.03,0.29985,0,0.8897,0.88766,-0.07,0,-20.4,-4.48,-0.16,,11,00:04:00:02,,,,,,,,,,,,
,59412968,4/25/2025 3:39,4/25/2025 10:45,EURAUD,Sell,0.03,2.96021,0,1.77299,1.77747,-0.12,0,-44.8,-8.72,-0.3,,11,00:07:05:33,,,,,,,,,,,,
,59413660,4/25/2025 4:00,4/25/2025 10:40,EURCAD,Sell,0.03,2.62251,0,1.57288,1.57745,-0.12,0,-45.7,-10,-0.35,,11,00:06:39:22,,,,,,,,,,,,
,59412837,4/25/2025 3:36,4/25/2025 10:35,NZDCHF,Buy,0.03,0.16764,0,0.49723,0.49598,-0.06,0,-12.5,-4.57,-0.16,,11,00:06:58:50,,,,,,,,,,,,
,59417617,4/25/2025 6:38,4/25/2025 9:10,GBPNZD,Sell,0.03,3.70475,0,2.21944,2.22753,-0.14,0,-80.9,-14.61,-0.5,,11,00:02:31:15,,,,,,,,,,,,
,59409434,4/25/2025 1:46,4/25/2025 5:55,GBPJPY,Buy,0.03,64.212,0,190.412,190.181,-0.14,0,-23.1,-4.99,-0.17,,11,00:04:08:28,,,,,,,,,,,,
,59408598,4/25/2025 1:17,4/25/2025 4:50,EURJPY,Buy,0.03,54.462,0,162.603,162.258,-0.12,0,-34.5,-7.36,-0.25,,11,00:03:32:50,,,,,,,,,,,,
,59383779,4/24/2025 11:35,4/24/2025 15:35,EURJPY,Buy,0.03,54.514,0,162.395,161.994,-0.12,0,-40.1,-8.57,-0.29,,11,00:04:00:00,,,,,,,,,,,,
,59331963,4/23/2025 12:45,4/24/2025 7:30,EURCHF,Buy,0.03,0.31612,0,0.93815,0.93947,-0.12,0.35,13.2,5.01,0.17,,11,00:18:44:34,,,,,,,,,,,,
,59301565,4/23/2025 1:33,4/24/2025 1:10,NZDJPY,Buy,0.03,28.7,0,84.968,85.1,-0.06,0.33,13.2,3.04,0.1,,11,00:23:36:55,,,,,,,,,,,,
,59301554,4/23/2025 1:33,4/24/2025 0:41,NZDCHF,Buy,0.03,0.16735,0,0.49208,0.49305,-0.06,0.3,9.7,3.74,0.13,,11,00:23:08:47,,,,,,,,,,,,
,59302439,4/23/2025 1:54,4/23/2025 19:50,AUDCHF,Buy,0.03,0.17878,0,0.52604,0.52742,-0.07,0,13.8,4.93,0.17,,11,00:17:55:23,,,,,,,,,,,,
,59309588,4/23/2025 4:02,4/23/2025 19:30,GBPNZD,Sell,0.03,3.70935,0,2.22244,2.22617,-0.14,0,-37.3,-6.81,-0.23,,11,00:15:28:03,,,,,,,,,,,,
,59323100,4/23/2025 9:25,4/23/2025 19:25,EURAUD,Sell,0.03,2.97064,0,1.77597,1.78453,-0.12,0,-85.6,-16.46,-0.56,,11,00:09:59:58,,,,,,,,,,,,
,59323105,4/23/2025 9:25,4/23/2025 19:10,GBPAUD,Sell,0.03,3.46724,0,2.07487,2.08296,-0.14,0,-80.9,-15.59,-0.53,,11,00:09:44:55,,,,,,,,,,,,
,59301762,4/23/2025 1:38,4/23/2025 15:45,CADCHF,Buy,0.03,0.2061,0,0.59791,0.59358,-0.08,0,-43.3,-15.9,-0.53,,11,00:14:06:58,,,,,,,,,,,,
,59310126,4/23/2025 4:11,4/23/2025 12:55,CHFJPY,Sell,0.03,288.254,0,172.65,172.677,-0.13,0,-2.7,-0.7,-0.02,,11,00:08:43:22,,,,,,,,,,,,
,59322461,4/23/2025 9:12,4/23/2025 12:35,EURJPY,Sell,0.03,269.269,0,161.505,161.995,-0.12,0,-49,-10.5,-0.35,,11,00:03:22:30,,,,,,,,,,,,
,59320919,4/23/2025 8:45,4/23/2025 12:30,EURNZD,Sell,0.03,3.17986,0,1.90338,1.9083,-0.12,0,-49.2,-8.96,-0.3,,11,00:03:44:37,,,,,,,,,,,,
,59301885,4/23/2025 1:41,4/23/2025 9:50,EURCHF,Buy,0.03,0.3151,0,0.93728,0.9357,-0.12,0,-15.8,-5.88,-0.2,,11,00:08:08:40,,,,,,,,,,,,
,59301544,4/23/2025 1:32,,,Deposit,0,0,0,0,0,0,0,0,3000,0,Deposit,0,00:00:00:00,,,,,,,,,,,,
